metric,level,mean,std,count
concept_score_raw,overall,90.77777777777777,24.44848451462234,90
coherence_raw,overall,9.55,22.990160938975613,100
