metric,level,mean,std,count
concept_score_raw,overall,1.3131313131313131,10.410412876321676,99
coherence_raw,overall,28.65,34.79119859964585,100
