{
  "per_layer": {
    "0": {
      "eta_sq_prompt": 0.1578686237335205,
      "eta_sq_question": 0.2863069474697113,
      "eta_sq_interaction": 0.5558281540870667
    },
    "1": {
      "eta_sq_prompt": 0.1996167004108429,
      "eta_sq_question": 0.2730914652347564,
      "eta_sq_interaction": 0.5272947549819946
    },
    "2": {
      "eta_sq_prompt": 0.2024382501840591,
      "eta_sq_question": 0.2785898745059967,
      "eta_sq_interaction": 0.518975019454956
    },
    "3": {
      "eta_sq_prompt": 0.2091933786869049,
      "eta_sq_question": 0.2760954201221466,
      "eta_sq_interaction": 0.5147150158882141
    },
    "4": {
      "eta_sq_prompt": 0.2034401446580886,
      "eta_sq_question": 0.2870815098285675,
      "eta_sq_interaction": 0.5094813108444214
    },
    "5": {
      "eta_sq_prompt": 0.2022319138050079,
      "eta_sq_question": 0.292354941368103,
      "eta_sq_interaction": 0.5054162740707397
    },
    "6": {
      "eta_sq_prompt": 0.195712462067604,
      "eta_sq_question": 0.3051776885986328,
      "eta_sq_interaction": 0.4991137683391571
    },
    "7": {
      "eta_sq_prompt": 0.1886043548583984,
      "eta_sq_question": 0.3194347023963928,
      "eta_sq_interaction": 0.4919642508029938
    },
    "8": {
      "eta_sq_prompt": 0.1858176589012146,
      "eta_sq_question": 0.3214279413223266,
      "eta_sq_interaction": 0.4927569925785064
    },
    "9": {
      "eta_sq_prompt": 0.1830978840589523,
      "eta_sq_question": 0.3282549083232879,
      "eta_sq_interaction": 0.4886502921581268
    },
    "10": {
      "eta_sq_prompt": 0.1808803677558899,
      "eta_sq_question": 0.3450236022472381,
      "eta_sq_interaction": 0.4740999341011047
    },
    "11": {
      "eta_sq_prompt": 0.1761213690042495,
      "eta_sq_question": 0.3709949254989624,
      "eta_sq_interaction": 0.4528870284557342
    },
    "12": {
      "eta_sq_prompt": 0.1747329235076904,
      "eta_sq_question": 0.3806560337543487,
      "eta_sq_interaction": 0.4446137547492981
    },
    "13": {
      "eta_sq_prompt": 0.1791804730892181,
      "eta_sq_question": 0.3704327344894409,
      "eta_sq_interaction": 0.4503899812698364
    },
    "14": {
      "eta_sq_prompt": 0.179523155093193,
      "eta_sq_question": 0.3608521223068237,
      "eta_sq_interaction": 0.4596285223960876
    },
    "15": {
      "eta_sq_prompt": 0.1775805056095123,
      "eta_sq_question": 0.3542191982269287,
      "eta_sq_interaction": 0.4682040512561798
    },
    "16": {
      "eta_sq_prompt": 0.1804050952196121,
      "eta_sq_question": 0.3447904288768768,
      "eta_sq_interaction": 0.4748075604438782
    },
    "17": {
      "eta_sq_prompt": 0.1834477335214615,
      "eta_sq_question": 0.3383021056652069,
      "eta_sq_interaction": 0.4782533049583435
    },
    "18": {
      "eta_sq_prompt": 0.1883513331413269,
      "eta_sq_question": 0.3403826355934143,
      "eta_sq_interaction": 0.4712695777416229
    },
    "19": {
      "eta_sq_prompt": 0.1831783056259155,
      "eta_sq_question": 0.3455787897109985,
      "eta_sq_interaction": 0.4712469577789306
    },
    "20": {
      "eta_sq_prompt": 0.1775008887052536,
      "eta_sq_question": 0.3847297430038452,
      "eta_sq_interaction": 0.4377732276916504
    },
    "21": {
      "eta_sq_prompt": 0.1690875440835952,
      "eta_sq_question": 0.404161125421524,
      "eta_sq_interaction": 0.4267549514770508
    },
    "22": {
      "eta_sq_prompt": 0.1645251363515854,
      "eta_sq_question": 0.4111830592155456,
      "eta_sq_interaction": 0.4242949783802032
    },
    "23": {
      "eta_sq_prompt": 0.1613731980323791,
      "eta_sq_question": 0.4237091243267059,
      "eta_sq_interaction": 0.4149208068847656
    },
    "24": {
      "eta_sq_prompt": 0.1665874123573303,
      "eta_sq_question": 0.4279675781726837,
      "eta_sq_interaction": 0.4054483771324157
    },
    "25": {
      "eta_sq_prompt": 0.156710147857666,
      "eta_sq_question": 0.4406611621379852,
      "eta_sq_interaction": 0.4026321768760681
    },
    "26": {
      "eta_sq_prompt": 0.1526093333959579,
      "eta_sq_question": 0.4381588101387024,
      "eta_sq_interaction": 0.4092352092266083
    },
    "27": {
      "eta_sq_prompt": 0.1538392454385757,
      "eta_sq_question": 0.4352180063724518,
      "eta_sq_interaction": 0.4109461903572082
    },
    "28": {
      "eta_sq_prompt": 0.1549976915121078,
      "eta_sq_question": 0.4283929467201233,
      "eta_sq_interaction": 0.416612833738327
    },
    "29": {
      "eta_sq_prompt": 0.169176384806633,
      "eta_sq_question": 0.4159362614154815,
      "eta_sq_interaction": 0.4148911535739898
    },
    "30": {
      "eta_sq_prompt": 0.1720193326473236,
      "eta_sq_question": 0.4049164354801178,
      "eta_sq_interaction": 0.4230679869651794
    },
    "31": {
      "eta_sq_prompt": 0.1803245544433593,
      "eta_sq_question": 0.3940356373786926,
      "eta_sq_interaction": 0.4256438612937927
    },
    "32": {
      "eta_sq_prompt": 0.182285264134407,
      "eta_sq_question": 0.3833023011684418,
      "eta_sq_interaction": 0.4344164133071899
    },
    "33": {
      "eta_sq_prompt": 0.1873340606689453,
      "eta_sq_question": 0.3798281848430633,
      "eta_sq_interaction": 0.4328419864177704
    },
    "34": {
      "eta_sq_prompt": 0.1987528800964355,
      "eta_sq_question": 0.3702638745307922,
      "eta_sq_interaction": 0.430987685918808
    },
    "35": {
      "eta_sq_prompt": 0.2035523355007171,
      "eta_sq_question": 0.3642794191837311,
      "eta_sq_interaction": 0.4321727454662323
    },
    "36": {
      "eta_sq_prompt": 0.2055745720863342,
      "eta_sq_question": 0.3721155524253845,
      "eta_sq_interaction": 0.4223142862319946
    },
    "37": {
      "eta_sq_prompt": 0.2144842743873596,
      "eta_sq_question": 0.3769043385982513,
      "eta_sq_interaction": 0.40861576795578
    },
    "38": {
      "eta_sq_prompt": 0.217747077345848,
      "eta_sq_question": 0.3810411393642425,
      "eta_sq_interaction": 0.4012157320976257
    },
    "39": {
      "eta_sq_prompt": 0.2274140864610672,
      "eta_sq_question": 0.3803378045558929,
      "eta_sq_interaction": 0.3922520875930786
    },
    "40": {
      "eta_sq_prompt": 0.2234541773796081,
      "eta_sq_question": 0.3882297575473785,
      "eta_sq_interaction": 0.3883198499679565
    },
    "41": {
      "eta_sq_prompt": 0.2178367525339126,
      "eta_sq_question": 0.3914418816566467,
      "eta_sq_interaction": 0.3907252550125122
    },
    "42": {
      "eta_sq_prompt": 0.2231120467185974,
      "eta_sq_question": 0.3970558643341064,
      "eta_sq_interaction": 0.379836231470108
    },
    "43": {
      "eta_sq_prompt": 0.2222750335931778,
      "eta_sq_question": 0.4014412760734558,
      "eta_sq_interaction": 0.3762882053852081
    },
    "44": {
      "eta_sq_prompt": 0.2228014916181564,
      "eta_sq_question": 0.404538482427597,
      "eta_sq_interaction": 0.3726649284362793
    },
    "45": {
      "eta_sq_prompt": 0.2227758914232254,
      "eta_sq_question": 0.4037485420703888,
      "eta_sq_interaction": 0.3734805285930633
    },
    "46": {
      "eta_sq_prompt": 0.2210092395544052,
      "eta_sq_question": 0.4058382511138916,
      "eta_sq_interaction": 0.3731575012207031
    },
    "47": {
      "eta_sq_prompt": 0.2180011719465255,
      "eta_sq_question": 0.4123731553554535,
      "eta_sq_interaction": 0.3696305751800537
    },
    "48": {
      "eta_sq_prompt": 0.2168240994215011,
      "eta_sq_question": 0.4131744503974914,
      "eta_sq_interaction": 0.3700063526630401
    },
    "49": {
      "eta_sq_prompt": 0.2163140028715133,
      "eta_sq_question": 0.4147330522537231,
      "eta_sq_interaction": 0.3689576685428619
    },
    "50": {
      "eta_sq_prompt": 0.213644802570343,
      "eta_sq_question": 0.4169546365737915,
      "eta_sq_interaction": 0.3694051802158355
    },
    "51": {
      "eta_sq_prompt": 0.2120947688817978,
      "eta_sq_question": 0.4184527099132538,
      "eta_sq_interaction": 0.3694570660591125
    },