{
  "per_layer": {
    "0": {
      "eta_sq_prompt": 0.0382950976490974,
      "eta_sq_question": 0.3996727764606476,
      "eta_sq_interaction": 0.562036395072937
    },
    "1": {
      "eta_sq_prompt": 0.0570085681974887,
      "eta_sq_question": 0.4132222831249237,
      "eta_sq_interaction": 0.5297727584838867
    },
    "2": {
      "eta_sq_prompt": 0.0557647682726383,
      "eta_sq_question": 0.4262367784976959,
      "eta_sq_interaction": 0.5180022716522217
    },
    "3": {
      "eta_sq_prompt": 0.0587819293141365,
      "eta_sq_question": 0.4276238083839416,
      "eta_sq_interaction": 0.5135985016822815
    },
    "4": {
      "eta_sq_prompt": 0.0535491555929183,
      "eta_sq_question": 0.4344760775566101,
      "eta_sq_interaction": 0.511978030204773
    },
    "5": {
      "eta_sq_prompt": 0.0539288744330406,
      "eta_sq_question": 0.4416608214378357,
      "eta_sq_interaction": 0.5044137835502625
    },
    "6": {
      "eta_sq_prompt": 0.0542545802891254,
      "eta_sq_question": 0.4498250484466553,
      "eta_sq_interaction": 0.4959241449832916
    },
    "7": {
      "eta_sq_prompt": 0.0516133196651935,
      "eta_sq_question": 0.4617067575454712,
      "eta_sq_interaction": 0.4866834580898285
    },
    "8": {
      "eta_sq_prompt": 0.0541400872170925,
      "eta_sq_question": 0.4640999138355255,
      "eta_sq_interaction": 0.4817628562450409
    },
    "9": {
      "eta_sq_prompt": 0.0564736127853393,
      "eta_sq_question": 0.4691858887672424,
      "eta_sq_interaction": 0.4743438363075256
    },
    "10": {
      "eta_sq_prompt": 0.0541988983750343,
      "eta_sq_question": 0.48663991689682,
      "eta_sq_interaction": 0.4591650068759918
    },
    "11": {
      "eta_sq_prompt": 0.0527655333280563,
      "eta_sq_question": 0.519872784614563,
      "eta_sq_interaction": 0.427365094423294
    },
    "12": {
      "eta_sq_prompt": 0.051136527210474,
      "eta_sq_question": 0.5210062861442566,
      "eta_sq_interaction": 0.4278601408004761
    },
    "13": {
      "eta_sq_prompt": 0.0570272058248519,
      "eta_sq_question": 0.5073946714401245,
      "eta_sq_interaction": 0.4355814754962921
    },
    "14": {
      "eta_sq_prompt": 0.0574630387127399,
      "eta_sq_question": 0.49646657705307,
      "eta_sq_interaction": 0.446074366569519
    },
    "15": {
      "eta_sq_prompt": 0.0638658851385116,
      "eta_sq_question": 0.4849627017974853,
      "eta_sq_interaction": 0.4511756300926208
    },
    "16": {
      "eta_sq_prompt": 0.0712570622563362,
      "eta_sq_question": 0.4734061956405639,
      "eta_sq_interaction": 0.455340564250946
    },
    "17": {
      "eta_sq_prompt": 0.0724565610289573,
      "eta_sq_question": 0.4696627557277679,
      "eta_sq_interaction": 0.4578847289085388
    },
    "18": {
      "eta_sq_prompt": 0.0763496160507202,
      "eta_sq_question": 0.4749104976654053,
      "eta_sq_interaction": 0.4487445950508117
    },
    "19": {
      "eta_sq_prompt": 0.0754570066928863,
      "eta_sq_question": 0.4739256501197815,
      "eta_sq_interaction": 0.4506222605705261
    },
    "20": {
      "eta_sq_prompt": 0.0702284052968025,
      "eta_sq_question": 0.520896315574646,
      "eta_sq_interaction": 0.4088795781135559
    },
    "21": {
      "eta_sq_prompt": 0.0636179745197296,
      "eta_sq_question": 0.5451205968856812,
      "eta_sq_interaction": 0.3912654221057892
    },
    "22": {
      "eta_sq_prompt": 0.0590492784976959,
      "eta_sq_question": 0.5560822486877441,
      "eta_sq_interaction": 0.384872168302536
    },
    "23": {
      "eta_sq_prompt": 0.0565633922815322,
      "eta_sq_question": 0.5695438385009766,
      "eta_sq_interaction": 0.3738965690135956
    },
    "24": {
      "eta_sq_prompt": 0.0589539781212806,
      "eta_sq_question": 0.5780900716781616,
      "eta_sq_interaction": 0.3629596531391144
    },
    "25": {
      "eta_sq_prompt": 0.0558091886341571,
      "eta_sq_question": 0.5824724435806274,
      "eta_sq_interaction": 0.3617221415042877
    },
    "26": {
      "eta_sq_prompt": 0.054932914674282,
      "eta_sq_question": 0.5799485445022583,
      "eta_sq_interaction": 0.3651223182678222
    },
    "27": {
      "eta_sq_prompt": 0.0598136745393276,
      "eta_sq_question": 0.5711426734924316,
      "eta_sq_interaction": 0.3690473437309265
    },
    "28": {
      "eta_sq_prompt": 0.0622040592133998,
      "eta_sq_question": 0.5610102415084839,
      "eta_sq_interaction": 0.3767896294593811
    },
    "29": {
      "eta_sq_prompt": 0.0747150555253028,
      "eta_sq_question": 0.5460593700408936,
      "eta_sq_interaction": 0.3792295455932617
    },
    "30": {
      "eta_sq_prompt": 0.0784849673509597,
      "eta_sq_question": 0.5350105166435242,
      "eta_sq_interaction": 0.3865086734294891
    },
    "31": {
      "eta_sq_prompt": 0.0863258019089698,
      "eta_sq_question": 0.5206811428070068,
      "eta_sq_interaction": 0.3929973840713501
    },
    "32": {
      "eta_sq_prompt": 0.0891844630241394,
      "eta_sq_question": 0.5083672404289246,
      "eta_sq_interaction": 0.4024525582790375
    },
    "33": {
      "eta_sq_prompt": 0.0945725515484809,
      "eta_sq_question": 0.5056502223014832,
      "eta_sq_interaction": 0.3997816443443298
    },
    "34": {
      "eta_sq_prompt": 0.1002117842435836,
      "eta_sq_question": 0.493946373462677,
      "eta_sq_interaction": 0.405846506357193
    },
    "35": {
      "eta_sq_prompt": 0.1111907735466957,
      "eta_sq_question": 0.4841332733631134,
      "eta_sq_interaction": 0.4046806991100311
    },
    "36": {
      "eta_sq_prompt": 0.1071773543953895,
      "eta_sq_question": 0.4892095327377319,
      "eta_sq_interaction": 0.4036180078983307
    },
    "37": {
      "eta_sq_prompt": 0.1074661836028099,
      "eta_sq_question": 0.4991149008274078,
      "eta_sq_interaction": 0.3934237062931061
    },
    "38": {
      "eta_sq_prompt": 0.1106651052832603,
      "eta_sq_question": 0.5030627250671387,
      "eta_sq_interaction": 0.3862769901752472
    },
    "39": {
      "eta_sq_prompt": 0.1168288514018058,
      "eta_sq_question": 0.5047423243522644,
      "eta_sq_interaction": 0.3784335851669311
    },
    "40": {
      "eta_sq_prompt": 0.1102021113038063,
      "eta_sq_question": 0.5132843255996704,
      "eta_sq_interaction": 0.3765179812908172
    },
    "41": {
      "eta_sq_prompt": 0.1041962951421737,
      "eta_sq_question": 0.5179781317710876,
      "eta_sq_interaction": 0.3778299689292907
    },
    "42": {
      "eta_sq_prompt": 0.1045164316892623,
      "eta_sq_question": 0.5236512422561646,
      "eta_sq_interaction": 0.3718369305133819
    },
    "43": {
      "eta_sq_prompt": 0.1009967923164367,
      "eta_sq_question": 0.5294381976127625,
      "eta_sq_interaction": 0.3695695996284485
    },
    "44": {
      "eta_sq_prompt": 0.0982226803898811,
      "eta_sq_question": 0.5330089330673218,
      "eta_sq_interaction": 0.3687732517719269
    },
    "45": {
      "eta_sq_prompt": 0.1022470518946647,
      "eta_sq_question": 0.5300319790840149,
      "eta_sq_interaction": 0.3677260279655456
    },
    "46": {
      "eta_sq_prompt": 0.1041631624102592,
      "eta_sq_question": 0.5290244221687317,
      "eta_sq_interaction": 0.3668178915977478
    },
    "47": {
      "eta_sq_prompt": 0.1026611998677253,
      "eta_sq_question": 0.5323858857154846,
      "eta_sq_interaction": 0.3649585545063019
    },
    "48": {
      "eta_sq_prompt": 0.1025854423642158,
      "eta_sq_question": 0.532143235206604,
      "eta_sq_interaction": 0.3652769923210144
    },
    "49": {
      "eta_sq_prompt": 0.1018499210476875,
      "eta_sq_question": 0.5321696400642395,
      "eta_sq_interaction": 0.3659858703613281
    },
    "50": {
      "eta_sq_prompt": 0.1012972444295883,
      "eta_sq_question": 0.5325485467910767,
      "eta_sq_interaction": 0.3661597669124603
    },
    "51": {
      "eta_sq_prompt": 0.0997537821531295,
      "eta_sq_question": 0.5340920090675354,
      "eta_sq_interaction": 0.3661597371101379
    },