{
  "per_layer": {
    "0": {
      "eta_sq_prompt": 0.1177683398127555,
      "eta_sq_question": 0.3733509182929992,
      "eta_sq_interaction": 0.5088844299316406
    },
    "1": {
      "eta_sq_prompt": 0.1562173962593078,
      "eta_sq_question": 0.3551506400108337,
      "eta_sq_interaction": 0.4886350929737091
    },
    "2": {
      "eta_sq_prompt": 0.1586640626192093,
      "eta_sq_question": 0.3551572561264038,
      "eta_sq_interaction": 0.4861824810504913
    },
    "3": {
      "eta_sq_prompt": 0.1635566502809524,
      "eta_sq_question": 0.3497904241085052,
      "eta_sq_interaction": 0.4866566061973572
    },
    "4": {
      "eta_sq_prompt": 0.1610997766256332,
      "eta_sq_question": 0.3472866117954254,
      "eta_sq_interaction": 0.4916166067123413
    },
    "5": {
      "eta_sq_prompt": 0.1608851104974746,
      "eta_sq_question": 0.3478795886039734,
      "eta_sq_interaction": 0.4912389814853668
    },
    "6": {
      "eta_sq_prompt": 0.1658327132463455,
      "eta_sq_question": 0.3441799879074096,
      "eta_sq_interaction": 0.4899911880493164
    },
    "7": {
      "eta_sq_prompt": 0.1578989923000335,
      "eta_sq_question": 0.35064697265625,
      "eta_sq_interaction": 0.4914574027061462
    },
    "8": {
      "eta_sq_prompt": 0.1613878309726715,
      "eta_sq_question": 0.3452367782592773,
      "eta_sq_interaction": 0.4933779835700989
    },
    "9": {
      "eta_sq_prompt": 0.165061354637146,
      "eta_sq_question": 0.3457489013671875,
      "eta_sq_interaction": 0.4891929030418396
    },
    "10": {
      "eta_sq_prompt": 0.1617159992456436,
      "eta_sq_question": 0.3531311154365539,
      "eta_sq_interaction": 0.4851568639278412
    },
    "11": {
      "eta_sq_prompt": 0.1539628505706787,
      "eta_sq_question": 0.3834065198898315,
      "eta_sq_interaction": 0.4626340568065643
    },
    "12": {
      "eta_sq_prompt": 0.1512567698955536,
      "eta_sq_question": 0.3868288099765777,
      "eta_sq_interaction": 0.4619171619415283
    },
    "13": {
      "eta_sq_prompt": 0.1576367318630218,
      "eta_sq_question": 0.3739538490772247,
      "eta_sq_interaction": 0.4684122502803802
    },
    "14": {
      "eta_sq_prompt": 0.1600268334150314,
      "eta_sq_question": 0.3634208142757416,
      "eta_sq_interaction": 0.4765562117099762
    },
    "15": {
      "eta_sq_prompt": 0.1671842783689499,
      "eta_sq_question": 0.3505515158176422,
      "eta_sq_interaction": 0.4822683334350586
    },
    "16": {
      "eta_sq_prompt": 0.1704328805208206,
      "eta_sq_question": 0.3402072787284851,
      "eta_sq_interaction": 0.489363431930542
    },
    "17": {
      "eta_sq_prompt": 0.1711674928665161,
      "eta_sq_question": 0.3368484079837799,
      "eta_sq_interaction": 0.4919873476028442
    },
    "18": {
      "eta_sq_prompt": 0.1726003885269165,
      "eta_sq_question": 0.3412593901157379,
      "eta_sq_interaction": 0.4861436486244201
    },
    "19": {
      "eta_sq_prompt": 0.1660587638616562,
      "eta_sq_question": 0.3472247421741485,
      "eta_sq_interaction": 0.4867203533649444
    },
    "20": {
      "eta_sq_prompt": 0.1637118905782699,
      "eta_sq_question": 0.3655853271484375,
      "eta_sq_interaction": 0.4707069993019104
    },
    "21": {
      "eta_sq_prompt": 0.152998685836792,
      "eta_sq_question": 0.3962303102016449,
      "eta_sq_interaction": 0.4507750272750854
    },
    "22": {
      "eta_sq_prompt": 0.1446391493082046,
      "eta_sq_question": 0.4107032418251037,
      "eta_sq_interaction": 0.4446611702442169
    },
    "23": {
      "eta_sq_prompt": 0.138193592429161,
      "eta_sq_question": 0.4266831576824188,
      "eta_sq_interaction": 0.4351267218589782
    },
    "24": {
      "eta_sq_prompt": 0.132828488945961,
      "eta_sq_question": 0.4421235918998718,
      "eta_sq_interaction": 0.4250512421131134
    },
    "25": {
      "eta_sq_prompt": 0.1297411918640136,
      "eta_sq_question": 0.4495441317558288,
      "eta_sq_interaction": 0.4207179844379425
    },
    "26": {
      "eta_sq_prompt": 0.1283138245344162,
      "eta_sq_question": 0.4472952485084533,
      "eta_sq_interaction": 0.4243941605091095
    },
    "27": {
      "eta_sq_prompt": 0.1347018480300903,
      "eta_sq_question": 0.4387141466140747,
      "eta_sq_interaction": 0.4265872240066528
    },
    "28": {
      "eta_sq_prompt": 0.1384631991386413,
      "eta_sq_question": 0.4276185631752014,
      "eta_sq_interaction": 0.4339213073253631
    },
    "29": {
      "eta_sq_prompt": 0.1521814167499542,
      "eta_sq_question": 0.415166288614273,
      "eta_sq_interaction": 0.4326555728912353
    },
    "30": {
      "eta_sq_prompt": 0.1581426113843917,
      "eta_sq_question": 0.4049865305423736,
      "eta_sq_interaction": 0.4368741810321808
    },
    "31": {
      "eta_sq_prompt": 0.1670081913471222,
      "eta_sq_question": 0.3904441595077514,
      "eta_sq_interaction": 0.4425510764122009
    },
    "32": {
      "eta_sq_prompt": 0.1647799015045166,
      "eta_sq_question": 0.3858327865600586,
      "eta_sq_interaction": 0.4493908882141113
    },
    "33": {
      "eta_sq_prompt": 0.1707866638898849,
      "eta_sq_question": 0.381292462348938,
      "eta_sq_interaction": 0.4479245841503143
    },
    "34": {
      "eta_sq_prompt": 0.1724278330802917,
      "eta_sq_question": 0.3749553561210632,
      "eta_sq_interaction": 0.4526206254959106
    },
    "35": {
      "eta_sq_prompt": 0.1736111640930175,
      "eta_sq_question": 0.3687573969364166,
      "eta_sq_interaction": 0.4576354026794433
    },
    "36": {
      "eta_sq_prompt": 0.1709987670183181,
      "eta_sq_question": 0.3757522702217102,
      "eta_sq_interaction": 0.4532530009746551
    },
    "37": {
      "eta_sq_prompt": 0.1718686670064926,
      "eta_sq_question": 0.388246476650238,
      "eta_sq_interaction": 0.4398893415927887
    },
    "38": {
      "eta_sq_prompt": 0.1671969592571258,
      "eta_sq_question": 0.4030851423740387,
      "eta_sq_interaction": 0.4297228455543518
    },
    "39": {
      "eta_sq_prompt": 0.1687499731779098,
      "eta_sq_question": 0.406525045633316,
      "eta_sq_interaction": 0.4247297644615173
    },
    "40": {
      "eta_sq_prompt": 0.1675496250391006,
      "eta_sq_question": 0.4206706583499908,
      "eta_sq_interaction": 0.4117840826511383
    },
    "41": {
      "eta_sq_prompt": 0.1611349582672119,
      "eta_sq_question": 0.4265351295471191,
      "eta_sq_interaction": 0.4123339354991913
    },
    "42": {
      "eta_sq_prompt": 0.1549685001373291,
      "eta_sq_question": 0.4452939927577972,
      "eta_sq_interaction": 0.3997413218021393
    },
    "43": {
      "eta_sq_prompt": 0.1468314379453659,
      "eta_sq_question": 0.4611879885196686,
      "eta_sq_interaction": 0.3919843733310699
    },
    "44": {
      "eta_sq_prompt": 0.1411452740430832,
      "eta_sq_question": 0.4733597338199615,
      "eta_sq_interaction": 0.3854990601539612
    },
    "45": {
      "eta_sq_prompt": 0.1410457193851471,
      "eta_sq_question": 0.4755868911743164,
      "eta_sq_interaction": 0.3833716809749603
    },
    "46": {
      "eta_sq_prompt": 0.1376420855522155,
      "eta_sq_question": 0.4839010834693908,
      "eta_sq_interaction": 0.3784616589546203
    },
    "47": {
      "eta_sq_prompt": 0.133591279387474,
      "eta_sq_question": 0.4932501912117004,
      "eta_sq_interaction": 0.3731635510921478
    },
    "48": {
      "eta_sq_prompt": 0.1308520436286926,
      "eta_sq_question": 0.497725248336792,
      "eta_sq_interaction": 0.3714275658130646
    },
    "49": {
      "eta_sq_prompt": 0.1294018030166626,
      "eta_sq_question": 0.5011265277862549,
      "eta_sq_interaction": 0.3694766461849212
    },
    "50": {
      "eta_sq_prompt": 0.1283759921789169,
      "eta_sq_question": 0.5044265389442444,
      "eta_sq_interaction": 0.3672023713588714
    },
    "51": {
      "eta_sq_prompt": 0.1254614442586898,
      "eta_sq_question": 0.5102332234382629,