{
  "per_layer": {
    "0": {
      "eta_sq_prompt": 0.0586280561983585,
      "eta_sq_question": 0.3984774947166443,
      "eta_sq_interaction": 0.5428980588912964
    },
    "1": {
      "eta_sq_prompt": 0.0832788869738578,
      "eta_sq_question": 0.3979943692684173,
      "eta_sq_interaction": 0.5187302827835083
    },
    "2": {
      "eta_sq_prompt": 0.0866592228412628,
      "eta_sq_question": 0.403067797422409,
      "eta_sq_interaction": 0.5102773308753967
    },
    "3": {
      "eta_sq_prompt": 0.089308887720108,
      "eta_sq_question": 0.4015795290470123,
      "eta_sq_interaction": 0.5091156363487244
    },
    "4": {
      "eta_sq_prompt": 0.0855031982064247,
      "eta_sq_question": 0.4098138511180877,
      "eta_sq_interaction": 0.5046873688697815
    },
    "5": {
      "eta_sq_prompt": 0.0849886164069175,
      "eta_sq_question": 0.4168551862239837,
      "eta_sq_interaction": 0.4981609284877777
    },
    "6": {
      "eta_sq_prompt": 0.0878519490361213,
      "eta_sq_question": 0.4225957691669464,
      "eta_sq_interaction": 0.4895561635494232
    },
    "7": {
      "eta_sq_prompt": 0.0836091935634613,
      "eta_sq_question": 0.4332592785358429,
      "eta_sq_interaction": 0.4831358194351196
    },
    "8": {
      "eta_sq_prompt": 0.0864510536193847,
      "eta_sq_question": 0.4375917315483093,
      "eta_sq_interaction": 0.4759621620178222
    },
    "9": {
      "eta_sq_prompt": 0.0884215682744979,
      "eta_sq_question": 0.4462592005729675,
      "eta_sq_interaction": 0.4653237164020538
    },
    "10": {
      "eta_sq_prompt": 0.0850409269332885,
      "eta_sq_question": 0.4676070511341095,
      "eta_sq_interaction": 0.4473558664321899
    },
    "11": {
      "eta_sq_prompt": 0.0875700265169143,
      "eta_sq_question": 0.4837270081043243,
      "eta_sq_interaction": 0.4287072420120239
    },
    "12": {
      "eta_sq_prompt": 0.0916235670447349,
      "eta_sq_question": 0.4873907268047333,
      "eta_sq_interaction": 0.4209906458854675
    },
    "13": {
      "eta_sq_prompt": 0.0941349267959594,
      "eta_sq_question": 0.4844058752059936,
      "eta_sq_interaction": 0.4214639067649841
    },
    "14": {
      "eta_sq_prompt": 0.0947319120168685,
      "eta_sq_question": 0.479268878698349,
      "eta_sq_interaction": 0.4260032773017883
    },
    "15": {
      "eta_sq_prompt": 0.0990170389413833,
      "eta_sq_question": 0.4782683551311493,
      "eta_sq_interaction": 0.4227191209793091
    },
    "16": {
      "eta_sq_prompt": 0.1069312021136283,
      "eta_sq_question": 0.4734406173229217,
      "eta_sq_interaction": 0.4196341931819916
    },
    "17": {
      "eta_sq_prompt": 0.1052401140332222,
      "eta_sq_question": 0.4732037484645843,
      "eta_sq_interaction": 0.4215624034404754
    },
    "18": {
      "eta_sq_prompt": 0.1054246425628662,
      "eta_sq_question": 0.4739854335784912,
      "eta_sq_interaction": 0.4205955862998962
    },
    "19": {
      "eta_sq_prompt": 0.0979741290211677,
      "eta_sq_question": 0.4834721386432647,
      "eta_sq_interaction": 0.4185585081577301
    },
    "20": {
      "eta_sq_prompt": 0.0961745381355285,
      "eta_sq_question": 0.524716317653656,
      "eta_sq_interaction": 0.3791151046752929
    },
    "21": {
      "eta_sq_prompt": 0.0904196500778198,
      "eta_sq_question": 0.5417848229408264,
      "eta_sq_interaction": 0.3678016066551208
    },
    "22": {
      "eta_sq_prompt": 0.0843135938048362,
      "eta_sq_question": 0.5621640086174011,
      "eta_sq_interaction": 0.353528767824173
    },
    "23": {
      "eta_sq_prompt": 0.0804444476962089,
      "eta_sq_question": 0.5724518895149231,
      "eta_sq_interaction": 0.3471097648143768
    },
    "24": {
      "eta_sq_prompt": 0.0805360823869705,
      "eta_sq_question": 0.5826590061187744,
      "eta_sq_interaction": 0.3368109464645386
    },
    "25": {
      "eta_sq_prompt": 0.0794238299131393,
      "eta_sq_question": 0.5875237584114075,
      "eta_sq_interaction": 0.3330581784248352
    },
    "26": {
      "eta_sq_prompt": 0.0777644962072372,
      "eta_sq_question": 0.5869367718696594,
      "eta_sq_interaction": 0.335304319858551
    },
    "27": {
      "eta_sq_prompt": 0.0809080675244331,
      "eta_sq_question": 0.5972854495048523,
      "eta_sq_interaction": 0.3218118846416473
    },
    "28": {
      "eta_sq_prompt": 0.0828529596328735,
      "eta_sq_question": 0.5887232422828674,
      "eta_sq_interaction": 0.3284291923046112
    },
    "29": {
      "eta_sq_prompt": 0.0927481204271316,
      "eta_sq_question": 0.5832211375236511,
      "eta_sq_interaction": 0.3240359723567962
    },
    "30": {
      "eta_sq_prompt": 0.0916751697659492,
      "eta_sq_question": 0.578899621963501,
      "eta_sq_interaction": 0.3294304311275482
    },
    "31": {
      "eta_sq_prompt": 0.0965381190180778,
      "eta_sq_question": 0.5734704732894897,
      "eta_sq_interaction": 0.3299965262413025
    },
    "32": {
      "eta_sq_prompt": 0.0948852971196174,
      "eta_sq_question": 0.564485490322113,
      "eta_sq_interaction": 0.3406341969966888
    },
    "33": {
      "eta_sq_prompt": 0.1004184558987617,
      "eta_sq_question": 0.5598238110542297,
      "eta_sq_interaction": 0.3397627472877502
    },
    "34": {
      "eta_sq_prompt": 0.1087800934910774,
      "eta_sq_question": 0.5536232590675354,
      "eta_sq_interaction": 0.3376016914844513
    },
    "35": {
      "eta_sq_prompt": 0.112896129488945,
      "eta_sq_question": 0.5479122400283813,
      "eta_sq_interaction": 0.3391966819763183
    },
    "36": {
      "eta_sq_prompt": 0.11079902946949,
      "eta_sq_question": 0.5550342798233032,
      "eta_sq_interaction": 0.3341714143753052
    },
    "37": {
      "eta_sq_prompt": 0.1079696342349052,
      "eta_sq_question": 0.56351637840271,
      "eta_sq_interaction": 0.328518807888031
    },
    "38": {
      "eta_sq_prompt": 0.1052867695689201,
      "eta_sq_question": 0.5754418969154358,
      "eta_sq_interaction": 0.3192766010761261
    },
    "39": {
      "eta_sq_prompt": 0.1107990145683288,
      "eta_sq_question": 0.5765600204467773,
      "eta_sq_interaction": 0.3126471638679504
    },
    "40": {
      "eta_sq_prompt": 0.1094141975045204,
      "eta_sq_question": 0.5834869146347046,
      "eta_sq_interaction": 0.3071051239967346
    },
    "41": {
      "eta_sq_prompt": 0.1061434745788574,
      "eta_sq_question": 0.5850711464881897,
      "eta_sq_interaction": 0.3087917268276214
    },
    "42": {
      "eta_sq_prompt": 0.1037157922983169,
      "eta_sq_question": 0.5938233137130737,
      "eta_sq_interaction": 0.3024671077728271
    },
    "43": {
      "eta_sq_prompt": 0.1015732288360595,
      "eta_sq_question": 0.597392737865448,
      "eta_sq_interaction": 0.3010399341583252
    },
    "44": {
      "eta_sq_prompt": 0.0990425571799278,
      "eta_sq_question": 0.6010629534721375,
      "eta_sq_interaction": 0.2999000251293182
    },
    "45": {
      "eta_sq_prompt": 0.1005482375621795,
      "eta_sq_question": 0.5988713502883911,
      "eta_sq_interaction": 0.3005857169628143
    },
    "46": {
      "eta_sq_prompt": 0.1021358221769332,
      "eta_sq_question": 0.5983418226242065,
      "eta_sq_interaction": 0.2995274066925049
    },
    "47": {
      "eta_sq_prompt": 0.1000519022345542,
      "eta_sq_question": 0.6033027768135071,
      "eta_sq_interaction": 0.296650230884552
    },
    "48": {
      "eta_sq_prompt": 0.1002357378602027,
      "eta_sq_question": 0.6038763523101807,
      "eta_sq_interaction": 0.2958926260471344
    },
    "49": {
      "eta_sq_prompt": 0.0993714332580566,
      "eta_sq_question": 0.6050831079483032,
      "eta_sq_interaction": 0.2955498993396759
    },
    "50": {
      "eta_sq_prompt": 0.0987101420760154,
      "eta_sq_question": 0.6060743927955627,
      "eta_sq_interaction": 0.2952197790145874
    },
    "51": {
      "eta_sq_prompt": 0.0972850471735,
      "eta_sq_question": 0.6077432036399841,
      "eta_sq_interaction": 0.2949760556221008
    },